NAME,PROV,ARA,RHA,GAL,GLU,XYL,MAN,INS_LIG,SOL_LIG,TOT_LIG,HOLO,A_CELL,HEMICELL,FIB_LNGTH,MFA ,MFA_YR1,DENS,CRYST,S2G,PHB
ALAA-20-1 ,ALAA,0.705209383,,0.603502193,50.70860436,17.44827507,2.618438953,17.8807947,1.851732253,19.73252696,72.91066282,43.12504542,29.7856174,0.899,17.61,20.36,396.34,52.63,72.92,2.180744857
ALAA-20-2 ,ALAA,0.657141488,,0.655859433,51.19198421,16.68678994,3.25023801,17.83681214,1.973865793,19.81067794,69.82364468,41.73601,28.08763468,0.95,14.37,17.13,417.47,48.08,72.88,2.09473015
ALAA-20-3 ,ALAA,0.554965614,,0.636149591,48.70836659,17.16022759,3.022547568,18.14569536,2.062522577,20.20821794,69.9120603,41.50622342,28.40583688,0.809,14.01,14.37,375.39,53.76,79.23,1.582324025
ALAA-20-4 ,ALAA,0.576564639,,0.59118759,49.59905365,16.21229279,2.948205121,18.65814696,1.710136509,20.36828347,69.43498979,41.43406575,28.00092404,0.972,14.01,14.61,356.47,48.08,76.17,0.927315654
ALAA-20-5 ,ALAA,0.568272257,,0.576861025,49.84283607,16.30655607,2.89591456,18.70640457,2.094223785,20.80062835,65.20467836,40.73279329,24.47188508,0.933,13.77,15.57,400.32,52.08,76.17,3.142848742
BELA-18-1 ,BELA,0.660386468,,0.723705518,49.63362084,17.88974991,2.772337462,19.03743316,1.659309674,20.69674283,70.80656674,42.97100214,27.8355646,0.907,19.88,20,485.07,52.91,71.45,1.107651115
BELA-18-2 ,BELA,0.665868085,,0.650469182,48.54093673,15.85723305,3.63566202,18.68327402,1.766607355,20.44988138,68.80239521,42.82122733,25.98116788,0.443,14.37,18.68,440.47,53.19,74.57,2.312475758
BELA-18-3 ,BELA,0.629086728,,0.621284117,49.64875649,15.79515738,2.416995763,17.83088235,1.914104278,19.74498663,68.04822909,39.75425544,28.29397364,1.038,12.81,18.92,413.43,52.91,72.44,1.569705165
BELA-18-4 ,BELA,0.485595509,,0.879465999,60.01473324,15.36937908,2.609709477,13.625,1.838693182,15.46369318,74.50462351,48.52185318,25.98277033,0.791,18.32,20.6,528.23,53.19,72.76,0.85481528
BELA-18-5 ,BELA,0.783748159,,0.677652364,48.09097843,18.15687308,3.029777992,17.65079365,1.627590188,19.27838384,71.61422709,43.2705635,28.34366359,0.798,14.01,18.44,434.22,49.02,74.48,
BELC-18-1 ,BELC,0.768361877,,0.5897426,48.61526341,18.00482933,2.695930127,18.1369525,1.531742471,19.66869497,62.82527881,37.1336738,25.69160501,0.901,17.73,17.49,423.92,49.26,71.92,1.167146277
BELC-18-2 ,BELC,0.434362724,,0.678861342,54.10595884,16.78022699,2.98041479,15.42449773,2.022476875,17.44697461,71.72330097,45.48562691,26.23767406,0.847,14.73,15.45,402.26,54.35,74.82,
BELC-18-3 ,BELC,0.806379081,,0.712312496,45.81880184,17.53317363,3.136516162,19.45701357,2.417317976,21.87433155,69.1109669,40.07923216,29.03173474,0.873,12.93,17.96,408.17,51.55,73.28,1.667474531
BELC-18-4 ,BELC,0.736234122,,0.707830482,50.13065745,17.05153778,2.732304737,18.63580999,2.125290665,20.76110065,68.87608069,42.20287057,26.67321012,0.707,14.01,19.88,432.75,48.08,72.85,1.300966648
BELC-18-5 ,BELC,0.724000619,,0.617204296,47.27054829,18.02744281,3.445005131,18.38729383,1.781168434,20.16846226,67.17612809,40.1060083,27.07011979,,18.68,18.8,436.77,50.25,72.34,0.506506833
BLCG-28-1 ,BLCG,0.701005355,,0.726520863,48.50222382,17.83979323,2.934166586,17.52336449,1.642682668,19.16604715,67.53424658,40.43415284,27.10009374,0.924,17.61,18.32,404.9,46.08,72.43,1.542715854
BLCG-28-3 ,BLCG,0.68590371,,0.658484397,48.20609255,18.02771017,3.247962337,18.78354204,1.562259446,20.34580149,68.66118175,39.70213666,28.95904509,0.609,16.89,16.77,360.89,43.48,68.37,3.055644781
CARS-29-2 ,CARS,0.692730331,,0.880828967,47.60367901,17.52975279,3.173125154,18.40052016,1.952919967,20.35344012,71.48120855,41.4263546,30.05485394,0.534,19.76,20.24,,,69.54,6.032926111
CARS-29-3 ,CARS,0.65069127,,0.687851554,48.12251396,17.19241819,3.140035727,18.48145968,2.132136551,20.61359623,71.4953271,41.73131493,29.76401217,0.444,19.04,19.4,435.34,46.51,68.25,5.184580907
CARS-29-4 ,CARS,0.626510053,0.712693066,0.764052464,51.06707087,17.52350437,2.836536327,17.73329934,2.390773106,20.12407244,68.63821649,40.77622267,27.86199381,0.7195,14.67076875,18.68365,385.38,53.45022624,69.23182909,1.413739506
CHIL-14-2 ,CHIL,0.571467006,0.530271094,0.687412622,52.4460185,18.44703848,3.19530117,18.31357049,2.219008264,20.53257875,70.4638472,40.87672579,29.58712141,0.497,16.53,16.77,435.66,47.62,71.03,2.023938144
CHKC-19-1 ,CHKC,0.594965963,0.805753939,0.646622663,50.91360852,18.68137132,3.105689504,20.26599113,2.362369739,22.62836087,69.62264151,41.50601986,28.11662165,0.983,18.2,18.56,404.76,54.35,73.1,0.580133152
CHKC-19-2 ,CHKC,0.60647129,0.661432161,0.549598575,50.35992106,18.3569837,3.06808627,19.2330737,2.265047116,21.49812081,66.59108088,38.98694067,27.60414021,0.839,18.68,22.4,438,53.76,71.86,0.594168515
CHKC-19-3 ,CHKC,0.577875608,0.653772868,0.569645771,51.06404854,17.81474691,2.688696798,20.1885746,2.180204709,22.36877931,70.51363348,41.55413511,28.95949837,0.662,18.44,20.12,388.77,46.3,71.83,2.102855588
CHKC-19-4 ,CHKC,0.663427925,0.654509873,0.651732996,52.05969048,18.3441677,3.062104548,18.64089776,2.312514169,20.95341192,71.06796117,42.71785759,28.35010358,1.094,16.89,17.96,431.91,52.63,73.97,1.223673326
CHKD-19-1 ,CHKD,0.512158244,0.426738209,0.537336444,52.06030486,20.04239387,3.164133778,17.91639018,2.342733908,20.25912409,73.49081365,41.69979128,31.79102236,0.676,16.41,21.2,445.96,57.8,73.47,0.561461607
CHKD-19-2,CHKD,0.536157891,0.616678292,0.697625288,56.05190006,16.52141701,2.701342221,16.79012346,2.100589226,18.89071268,70.77114428,42.26039669,28.51074759,0.756,21.2,21.44,432.69,51.28,73.5,0.554280973
CHKD-19-3,CHKD,0.595941187,0.525769957,0.565689483,50.4921284,16.84751357,2.887908414,19.60912052,1.819159017,21.42827954,67.4571805,39.68814656,27.76903394,0.867,17.37,20.36,421.94,53.19,72.28,3.952960211
CHKD-19-4,CHKD,0.55191309,0.541660433,0.746112901,54.24914577,17.70131825,2.973030815,20.45454545,2.306732094,22.76127755,71.36422136,42.80543034,28.55879103,0.679,20.12,20.24,426.11,58.14,76.94,0.494871072
CHKD-19-5,CHKD,0.424146533,0.336622092,0.48661462,47.57559382,19.36927537,3.061964939,20.44444444,2.293362193,22.73780664,72.4881996,38.83620268,33.65199691,0.764,18.56,19.88,409.77,51.02,73.05,0.746196182
CHWH-27-1 ,CHWH,0.447006698,0.547566814,0.652854305,51.99427753,17.5346527,3.349041001,20.81185567,2.183868322,22.99572399,72.24036577,42.36675781,29.87360796,0.619,14.13,15.69,388.4,52.08,70.05,1.864931889
CHWH-27-3,CHWH,0.533546853,0.525391797,0.677519382,52.68937424,17.28947266,2.803451963,20.08271494,2.343046756,22.4257617,69.03796352,40.39378111,28.64418241,0.901,17.72535,19.0430125,380.44,49.92778525,72.22253164,1.154945163
CHWH-27-5 ,CHWH,0.551066374,0.582457434,0.606235489,52.33178326,17.90633007,2.620282205,20.2268431,2.255599473,22.48244257,72.18406593,42.55384578,29.63022015,0.979,17.37,21.56,355.79,50,73.13,1.415787499
CHWI-27-4 ,CHWI,0.549468477,0.683012055,0.751134995,52.38875971,18.51240371,3.053273987,19.63613551,1.999087487,21.635223,67.60982874,41.06836393,26.54146482,0.95,12.45,19.04,434.82,50.51,73.34,0.692183429
CHWJ-27-1 ,CHWJ,0.614229486,0.73206085,0.721419076,53.19573486,17.42751286,2.634723988,19.67320261,2.233719548,21.90692216,67.11538462,41.22669576,25.88868886,0.805,21.08,20.96,387.02,44.44,71.76,3.516196997
CHWK-27-2 ,CHWK,0.547456644,0.664175991,0.463641183,49.06897472,19.6935294,2.969279552,18.87026691,1.946193781,20.8164607,70.20348837,41.46020222,28.74328615,0.872,16.05,18.32,358.88,52.36,70.38,2.764736625
CHWK-27-3 ,CHWK,0.647449409,0.719176925,0.585715106,45.88157891,19.47136461,3.567523331,18.49677041,2.105642449,20.60241285,68.14516129,40.01521769,28.1299436,0.828,17.25,20.12,399.74,49.26,72.89,1.144382449
CHWK-27-4 ,CHWK,0.521863984,0.60784596,0.601140775,50.53011668,19.05697147,3.379036485,19.88832346,2.105612069,21.99393553,70.63855794,41.41739815,29.22115979,0.8675,16.2879,19.7617375,409.98,52.15265517,70.42213863,1.295548807
CMBF-28-1 ,CMBF,0.506253835,0.389737925,0.568702673,52.66209305,17.60768997,2.123039757,17.07768187,1.809242237,18.88692411,68.7585266,41.15252238,27.60600422,0.954,14.01,20.36,420.15,50,68.64,3.397666982
CMBF-28-2 ,CMBF,0.581572584,0.603238439,0.559708578,47.5176074,19.70344284,2.605210942,18.45386534,2.010740195,20.46460553,68.36236934,40.92987648,27.43249286,0.935,16.77,17.13,437.35,53.48,71.89,1.645900968
CMBF-28-3 ,CMBF,0.943848593,1.720196067,0.604654427,51.53468182,17.87765026,2.234689821,18.35985312,1.884889285,20.24474241,67.95413398,39.22223408,28.7318999,1.01,17.49,16.77,397.58,48.54,69.34,1.596163504
CMBF-28-4 ,CMBF,0.567225324,0.589730595,0.563097139,50.65029337,17.85155922,2.579338449,19.88950276,2.028656733,21.9181595,68.48225214,40.28864754,28.19360461,,18.68,18.8,411.16,48.54,69.24,2.642473539
CNYH-28-1 ,CNYH,0.6029292,0.950194593,0.449798521,49.14513476,19.18929825,2.711368233,16.32782719,2.088252281,18.41607947,69.54703833,37.65716336,31.88987496,0.851,20.12,21.08,371.78,46.3,72.65,1.735654929
CNYH-28-2 ,CNYH,0.475821808,0.539156086,0.382860797,49.38648477,18.92174066,3.444124332,18.54419411,2.1464734,20.69066751,68.45679012,37.47669814,30.98009198,0.773,19.76,19.04,426.93,51.02,71.37,3.276529711
CNYH-28-3,CNYH,0.501249132,0.45380587,0.540412295,51.70111415,19.16269484,2.393679526,15.75091575,2.288128538,18.03904429,70.49780381,41.75484401,28.74295979,0.873,16.41,18.68,401.99,52.91,70.83,0.696746655
CNYH-28-4 ,CNYH,0.626418221,1.006595311,0.525848852,46.76595701,19.17831785,2.812781704,18.58349578,2.296060015,20.87955579,66.71511628,38.78532187,27.92979441,,12.81,16.77,382.58,48.31,70.21,1.427549956
CNYH-28-5 ,CNYH,0.470182903,,0.607959993,49.83874821,17.53545046,3.027790751,18.84406984,2.29357999,21.13764983,66.31430585,35.34647539,30.96783046,,13.41,18.2,363.73,52.63,71.38,2.152570233
CSYJ-28-1 ,CSYJ,0.650846559,0.799080631,0.437627465,49.95808588,20.07865849,3.22223754,16.4418754,2.143282536,18.58515794,68.17359855,39.95447822,28.21912034,1.006,19.04,20.36,398.89,47.85,70.13,1.883649104
CSYJ-28-3 ,CSYJ,0.849002802,1.112290189,0.49850743,50.54934856,20.88201645,3.59200741,17.45502998,2.241354249,19.69638423,68.7575392,39.25609362,29.50144558,0.834,17.73,18.92,399.55,47.17,71.06,1.397021732
DENA-17-2,DENA,0.565193734,0.941339209,0.400184709,50.42230106,19.7154345,2.481877868,19.64866623,2.371828237,22.02049447,70.1986755,40.44666943,29.75200607,0.484,21.8,21.92,367.5,50.51,71.76,0.50215042
DENA-17-4 ,DENA,0.471710391,0.428777644,0.431062704,47.5037969,20.69003024,3.197056882,18.69688385,2.19160443,20.88848828,70.67620286,42.22064569,28.45555717,0.826,20.12,23,389.19,42.37,70.81,0.695651129
DENB-17-1 ,DENB,0.44535351,0.61978524,0.52164424,56.96997909,16.37147954,2.233424117,13.32189823,2.265450387,15.58734861,69.44083225,43.30150922,26.13932303,0.94,16.17,19.52,404.04,51.55,74.04,1.253749939
DENB-17-2 ,DENB,0.655721645,0.748416539,0.623112348,47.08574443,17.89904423,2.796891995,17.48021108,2.461921324,19.94213241,70.17654477,41.41797044,28.75857433,0.94,19.04,19.52,380.98,49.26,73.88,1.118482857
DENB-17-3 ,DENB,0.701977665,0.686340669,0.783262765,50.15349048,17.69536239,1.982571279,17.70428016,2.269897418,19.97417757,67.16519375,41.93408988,25.23110386,0.771,18.92,24.07,445.45,52.63,70.53,2.34997376
DENB-17-4 ,DENB,0.607170433,0.774512733,0.649495964,49.21026733,16.69135438,2.46433373,16.59134926,2.25356535,18.84491461,70.53206003,44.70145739,25.83060264,0.975,15.81,16.29,387.05,49.5,71.48,0.862226884
DENC-17-2 ,DENC,0.679418871,0.907768297,0.604116408,48.76980393,18.6865356,2.441551591,18.63715783,2.344813893,20.98197173,64.02877698,42.02043475,22.00834222,,21.56,21.2,426.02,48.08,70.93,2.247000607
DENC-17-3,DENC,0.521273403,0.756270354,0.573246956,49.13328921,18.61104803,2.252766834,16.72913539,2.404064312,19.1331997,70.69077402,42.87424722,27.8165268,0.917,20.66014375,21.49865625,447.93,50.90673575,73.12791502,0.319138541
DENC-17-4 ,DENC,0.531725644,0.792449929,0.774806168,53.58269347,16.49260451,2.640958425,15.94643944,2.119542965,18.0659824,69.79645437,44.50645819,25.28999618,0.962,10.42,13.77,446.09,54.35,72.91,0.941125388
DENC-17-5 ,DENC,0.507131863,,0.703180395,52.67151744,16.27800099,2.284133126,17.19662557,1.989823609,19.18644918,69.81004071,45.56933606,24.24070465,0.801,17.49,19.64,454.07,50.25,71.86,1.190716849
DEND-17-1 ,DEND,0.555843264,0.748946237,0.542012187,48.40270964,17.93562412,2.796225357,16.99073448,1.990740174,18.98147466,70.35052062,42.80624673,27.5442739,0.971,18.0847125,20.30078125,458.525,50.58763413,71.60552497,0.712050114
DEND-17-3 ,DEND,0.593802544,0.670809679,0.55265524,48.55967513,15.99288145,2.489130147,17.17171717,2.356232782,19.52794995,73.23446328,44.74997851,28.48448477,0.975,15.93,18.92,352.58,48.08,71.51,1.544940854
DEND-17-5 ,DEND,0.500523802,0.633344781,0.562996614,46.26073606,18.86044294,2.883121106,15.88310038,2.444264757,18.32736514,70.720423,41.99365812,28.72676488,0.777,20.6,21.44,507.05,46.73,73.63,0.335312062
LILC-26-4,LILC,0.494517559,0.520946464,0.572358725,51.74706113,15.95588505,2.102642953,14.48954697,2.163966805,16.65351378,71.12527828,42.14720571,28.97807257,0.906,18.62375625,22.0377,412.075,50.19625604,72.62723453,1.127376447
ELAD-25-3 ,ELAD,0.517092789,0.563731311,0.545321333,49.99568036,16.97960534,2.704684449,16.43073022,2.412293675,18.84302389,68.30969448,41.73199361,26.57770087,0.949,14.4910875,16.70715625,430.305,49.83018073,72.46089104,1.742584839
ELAD-25-4 ,ELAD,0.597652991,0.618278293,0.531750358,45.82323015,17.19323265,3.230296054,18.8976378,2.051807445,20.94944524,68.46590909,39.51922086,28.94668823,0.864,18.08,17.85,347.55,43.1,66.98,1.987002491
ELAD-25-5 ,ELAD,0.555766782,0.546669292,0.523435184,46.16205006,18.70533159,2.957630851,18.31228473,2.412587413,20.72487214,67.22859069,39.85201301,27.37657768,,,,,,71.98,0.500099182
FNYI-28-1 ,FNYI,0.553376498,0.654263572,0.609893025,49.69321151,17.41268967,2.774937433,15.99241466,2.292466383,18.28488105,69.76744186,41.1038752,28.66356666,1.04,16.77,23,367.79,48.08,71.59,0.929036866
FNYI-28-2 ,FNYI,0.613239808,0.769312408,0.590938077,49.92476062,17.92866563,2.852641248,17.16335541,2.034366847,19.19772226,68.86363636,40.72934004,28.13429633,0.999,19.52,20.24,412.98,54.64,68.3,0.679629527
FNYI-28-3 ,FNYI,0.575670786,0.817187192,0.751697856,53.32844217,16.18186856,2.164785622,15.73033708,2.076552037,17.80688912,68.87287025,41.53294454,27.33992571,0.867,13.89,17.01,412.77,58.48,69.74,0.800295171
FNYI-28-4 ,FNYI,0.472617145,0.460878589,0.876535075,56.38265665,14.22895131,2.666531062,16.37279597,1.955289673,18.32808564,71.08433735,44.66452553,26.41981182,0.638,15.81,16.29,346.83,50,71.05,4.426544993
FNYI-28-5 ,FNYI,0.481314324,0.462998675,0.665535305,52.33117724,16.61608406,2.090842399,16.36690647,2.112219315,18.47912579,70.09864365,41.3805576,28.71808604,0.895,15.09,15.57,382.76,58.14,71.59,1.704017025
GLCA-26-1 ,GLCA,0.730718119,1.043190565,0.599022877,47.36299124,19.29550798,3.057127115,16.47840532,3.091211114,19.56961643,67.75288527,38.94655364,28.80633163,0.752,20.24,20.72,408.79,49.02,72.87,0.782854756
GLCB-26-1 ,GLCB,0.633986805,0.683527844,0.585918747,46.22050848,19.81746777,2.5093911,18.43971631,3.212980873,21.65269718,67.01916722,39.29459336,27.72457385,0.895,18.08,18.56,414.66,52.63,70.94,0.905343507
GLCB-26-2 ,GLCB,0.698876754,0.720524081,0.552246752,49.04412259,18.99236384,3.351844361,17.63527054,3.204803546,20.84007409,69.2513369,41.68156116,27.56977574,0.904,16.29,16.17,410.34,45.25,72.13,1.188985638
GLCB-26-3 ,GLCB,0.674176488,0.772293436,0.681502816,49.58068271,18.90371231,2.693233209,18.03818302,3.25749596,21.29567898,70.110957,41.14970273,28.96125428,0.921,16.77,20.84,409.97,47.17,72.45,0.727139252
GLCB-26-4,GLCB,0.754202239,0.690816231,0.496297976,44.37488392,17.57262459,2.944098797,19.98722861,2.58893533,22.57616394,69.66292135,41.75624713,27.90667422,0.91,16.41,18.56,461.63,49.26,69.17,1.670233155
HALS-30-1,HALS,0.768261934,0.655490032,0.630665725,46.22241292,17.07396184,2.626477632,19.54022989,2.617641937,22.15787182,65.9137577,38.17883873,27.73491897,0.924,16.29,20.96,351.29,46.95,69.41,2.071799825
HALS-30-2 ,HALS,0.576650255,0.672963204,0.621945941,50.92204348,18.64295535,2.805899514,18.25396825,3.036105099,21.29007335,71.57825802,43.78580796,27.79245006,0.938,16.77,17.25,394.31,52.63,70.73,1.822599309
HALS-30-4 ,HALS,0.638286601,0.542610958,0.575434536,48.84132565,18.18570908,3.254469829,18.21730644,2.985361093,21.20266753,69.13669065,40.60120305,28.53548759,1.067,14.61,16.89,439.92,50.51,70.9,2.014342341
HARB-26-2 ,HARB,0.70876207,0.434454358,0.527118967,49.78916014,21.33021374,2.869296026,16.67748215,3.061736771,19.73921893,66.37992832,37.16723852,29.21268979,,15.57,20.12,406.99,50.25,71.25,1.33649487
HARB-26-1,HARB,0.661771784,0.676753265,0.632457424,59.22158954,22.6010179,3.348804347,17.31629393,2.694133024,20.01042695,67.65313145,40.31850438,27.33462707,,17.25,18.8,384.16,51.55,68.47,1.706385685
HARB-26-3 ,HARB,0.700904412,0.514786959,0.508826659,48.3058251,19.07027998,2.590153724,17.27989488,3.325946721,20.6058416,70.3014753,41.55505514,28.74642016,0.687,18.92,19.64,393.45,50.25,72.5,0.498546358
HARB-26-4 ,HARB,0.67808665,0.744889154,0.552463533,49.98687692,18.00520431,3.335840634,18.73417722,3.009982739,21.74415995,67.83783784,39.17777836,28.66005948,1.065,14.49,17.01,399.6,46.95,71.27,2.121455181
HARB-26-5 ,HARB,0.527595702,0.525701851,0.529145128,50.48722196,18.49729185,2.958128261,17.75114155,2.901255708,20.65239726,67.70963705,42.08888762,25.62074942,,16.29,22.16,372.64,44.25,71.98,3.693069573
HARC-26-1 ,HARC,0.70494313,0.789449299,0.641641814,52.91441,17.98496858,2.279722087,14.9872449,2.818993506,17.8062384,71.57326131,41.88869341,29.6845679,1.007,14.97,17.61,417.61,54.05,70.69,0.695792186
HARC-26-2 ,HARC,0.482346742,0.663982847,0.55705524,48.20701586,17.90461527,3.36996238,17.82799749,3.203960509,21.031958,72.23367698,40.49368008,31.73999689,0.907,16.77,17.73,460.73,48.54,72.63,1.393630948
HARC-26-3 ,HARC,0.511127547,0.607600747,0.509260391,47.74381844,17.81219284,2.859068604,19.4068343,3.240841686,22.64767599,70.49071618,39.37697356,31.11374262,0.854,17.25,19.88,418.34,50,73.23,0.523717018
HARC-26-4 ,HARC,0.684171874,0.783900575,0.533863223,47.83037491,18.2564765,3.686367065,20.2094886,2.377555593,22.58704419,66.35182999,39.0555202,27.29630979,0.913,17.96,18.92,423.01,46.51,66.22,1.675148772
HAZH-10-5 ,HAZH,0.639494104,0.658973657,0.64302618,48.67549205,18.32665301,2.316790813,17.40064447,3.519285226,20.91992969,68.29440906,38.81882542,29.47558364,,,,471.56,,73.15,
HIXN-16-1 ,HIXN,0.849781789,0.653117567,0.837088378,51.50660799,18.72703318,3.193448145,14.67889908,2.340922991,17.01982207,67.51552795,39.74678499,27.76874296,0.937,16.29,17.61,428.53,45.87,65.76,2.908483471
HOMA-21-1 ,HOMA,0.894187214,0.868974416,0.747795424,55.85429725,21.00964913,2.59980455,17.23692705,2.768531017,20.00545807,69.90950226,41.43578918,28.47371308,0.853,19.64,19.76,442.88,54.35,73.34,0.479584993
HOMA-21-2 ,HOMA,0.752808621,0.667736106,0.718258954,54.57396803,21.38270167,3.590200222,16.99475066,2.625298258,19.62004891,72.51328778,40.69647462,31.81681315,0.975,17.49,19.4,449.73,50.76,70.47,0.85770254
HOMA-21-4 ,HOMA,0.512745154,,0.738425038,60.86590623,16.1016916,2.001433528,15.05791506,1.772698023,16.83061308,71.16898849,45.61229776,25.55669073,0.925,16.17,18.56,395.09,54.35,69.67,1.578890448
HOMA-21-5,HOMA,0.679878936,0.620116164,0.686142452,55.02134174,19.67089383,2.942795868,20.57002747,2.899904255,23.46993173,70.83215983,41.9879336,28.84422623,0.935,18.444075,21.37886875,390.775,50.29242715,72.02324954,1.164149856
HOMB-21-1 ,HOMB,0.685486867,0.837699826,0.555325468,49.15731131,20.43307466,3.255670907,19.78575929,2.889328063,22.67508736,70.38327526,38.70534111,31.67793415,0.787,18.92,18.56,435.21,49.02,72.96,0.63425863
HOMB-21-2 ,HOMB,0.711899495,0.718768684,0.53685534,54.42367112,21.38990841,3.672090315,18.92052195,2.791599267,21.71212121,72.59493671,41.71764638,30.87729033,0.917,15.45,15.81,406.53,48.78,71.85,0.651898561
HOMB-21-3 ,HOMB,0.790372324,1.068180618,0.776092783,54.17948114,19.0839338,1.611547497,20.5918619,2.350016814,22.94187871,67.05959398,42.16360406,24.89598991,1.025,17.37,19.76,415.38,51.55,72.53,2.069810647
HOMB-21-4 ,HOMB,0.743567892,0.952006461,0.654117534,49.93016741,20.09804524,2.872306649,18.32593532,2.787657808,21.11359313,67.20707443,39.29311684,27.91395759,0.878,16.53,19.16,376.35,49.26,72.59,0.984072843
HOMB-21-5 ,HOMB,0.675713501,0.907260991,0.648681247,51.58257909,18.92499447,3.272092361,19.54154728,2.703203959,22.24475124,67.16886378,39.80979082,27.35907296,0.841,17.25,17.61,359.38,48.54,71.42,1.883569193
HOMC-21-1 ,HOMC,0.611785096,0.954927854,0.713716484,53.72658634,17.65319042,3.233626378,18.1640625,3.113902699,21.2779652,68.85964912,42.65792346,26.20172566,0.871,13.53,17.37,356.14,50.51,75.9,3.714721227
HOMC-21-2 ,HOMC,0.561056894,0.783630181,0.585501969,54.41435977,21.38253071,3.116029088,17.65755054,2.795130256,20.45268079,68.68371803,41.76799707,26.91572095,0.932,13.41,19.28,368.65,48.78,72.7,0.595957803
HOMC-21-3 ,HOMC,0.635254627,0.864332785,0.644897257,55.9129373,19.69641148,2.615775268,16.80458307,2.395694694,19.20027776,64.51612903,38.69171642,25.82441261,0.944,20.72,20.24,385.81,48.78,69.14,1.372002262
HOMC-21-4 ,HOMC,0.558984292,0.788274738,0.702495503,51.55508724,18.86099955,2.874616038,19.32335719,2.823475484,22.14683267,72.75747508,43.45012842,29.30734666,0.977,17.37,18.68,370.03,47.85,74.31,0.640970441
HOMC-21-5,HOMC,0.67383925,0.868231479,0.784527431,53.15985167,19.50572944,3.316977079,17.87994891,3.258533612,21.13848253,68.69446343,40.89770311,27.79676032,1.033,17.73,18.2,402.25,51.02,75.44,0.861224913
HOMD-21-1 ,HOMD,0.746488295,0.695487219,0.600256122,48.54324811,20.05462881,3.192363287,18.38407494,2.865818608,21.24989355,67.29765013,38.32409668,28.97355345,0.557,15.69,16.77,438.8,51.81,74.38,1.447088716
HOMD-21-2 ,HOMD,0.728265447,0.542170517,0.765339883,56.23556373,19.19314492,3.017008751,18.19363223,2.523628094,20.71726032,66.40053227,37.40730125,28.99323101,0.945,18.2,19.76,386.06,45.66,73.69,2.320696186
HOMD-21-3 ,HOMD,0.700388598,0.831143501,0.539644149,49.73175491,20.9195624,4.601546751,20.3003003,2.527927928,22.82822823,68.3046683,39.58455961,28.72010869,0.829,17.25,18.56,444.23,47.39,70.62,1.20942777
HOMD-21-4 ,HOMD,0.726782419,0.54592564,0.603774214,55.73888008,19.83582919,3.598514215,17.38586617,3.00886918,20.39473535,68.39654025,40.06546535,28.33107491,0.748,15.33,20.24,462.06,45.66,74.3,1.558613141
HOMD-21-5 ,HOMD,0.756267375,0.683884249,0.611734072,52.60153559,19.55881341,3.163861841,21.26984127,2.5197114,23.78955267,67.1957672,40.07740738,27.11835982,0.918,15.93,16.05,404.52,48.08,70.71,1.644682143
HOPF-27-1 ,HOPF,0.740789204,0.801347255,0.609109983,53.20295434,19.14210825,3.000167325,17.39397664,2.793876069,20.18785271,69.91920447,42.35560389,27.56360059,1.055,15.81,15.93,419.03,48.54,74.4,1.141001866
HOPF-27-2 ,HOPF,0.733532613,1.180772542,0.74243474,53.00473966,20.33360391,3.468164821,18.93603547,2.511342046,21.44737751,71.10817942,43.60671138,27.50146803,0.87,18.68,20.36,373.29,46.95,73.12,0.823696774
HOPF-27-3 ,HOPF,0.854605839,1.080006213,0.975063276,54.61537927,20.48472319,3.006776124,17.67741935,2.374868035,20.05228739,69.88031915,43.43147657,26.44884258,0.89,17.96,20.36,412.34,49.26,72.08,1.167211746
HOPF-27-4 ,HOPF,0.740020151,1.122858672,0.652514266,55.57566388,19.23713514,3.146421953,17.73236651,2.472703302,20.20506981,71.85534591,43.70858177,28.14676414,0.976,16.17,17.01,399,45.05,72.98,1.864608455
HOPF-27-5 ,HOPF,0.57571187,0.756619885,0.585582118,49.85850553,21.71138193,3.356861026,18.65626875,2.940693679,21.59696243,70.30508475,39.50227005,30.8028147,,,,449.98,,78.86,0.518170884
HOPG-27-1,HOPG,0.693829477,0.712545182,0.667350297,53.12032556,20.52938472,3.264799155,20.64010451,2.096371949,22.73647646,68.84315117,39.47487493,29.36827624,0.799,17.37,18.2,429.78,51.55,69.3,1.259206232
HOPG-27-2,HOPG,0.736233063,0.855635654,0.872128752,51.07371925,19.55129028,3.413649987,19.15962525,2.279461214,21.43908647,67.29088639,39.05963791,28.23124848,1.079,18.0847125,17.72535,415.19,50.53727762,70.68282769,
HOPG-27-5 ,HOPG,0.802592534,0.848200377,0.751797671,54.16701192,20.08091097,3.701727252,17.7661659,2.610563506,20.37672941,66.39004149,38.65438642,27.73565507,0.967,17.96,21.8,432.23,47.39,74.2,2.122544398
HRSO-27-1 ,HRSO,0.61889544,0.488259319,0.527689326,55.80565914,20.26938056,3.763638253,17.21938776,2.123579545,19.3429673,72.62532982,43.77360269,28.85172712,0.906,14.01,17.73,450.84,47.17,71.14,3.679380011
HRSO-27-2 ,HRSO,0.869988734,0.492291696,0.712822983,56.68166357,20.44368963,3.992242103,17.89348543,2.270066909,20.16355234,68.25882162,41.17828787,27.08053375,1.131,13.652575,14.610875,416.455,48.38144209,71.11453746,2.851302722
HRSO-27-4 ,HRSO,0.779961636,0.675546488,0.860596938,57.24069379,19.45023384,3.089680798,17.37538949,2.301394592,19.67678408,69.26328266,41.41499874,27.84828392,0.952,15.86864375,19.1628,420.11,45.56967281,72.62592985,2.278281607
HRSP-27-1 ,HRSP,0.779632254,0.870775147,0.720581236,52.844888,21.52274919,3.434163435,17.79497099,2.458267393,20.25323838,67.76602365,39.75068245,28.01534119,0.86,15.09,16.29,409.35,48.78,74.57,0.840697303
HRSP-27-3 ,HRSP,0.740186431,0.917165552,0.659504741,55.68785833,18.82363964,3.596208381,17.40763932,2.60872659,20.01636591,66.45876646,40.0418894,26.41687705,0.816,13.41,13.65,352.48,54.35,74.19,3.178211791
HRSP-27-4 ,HRSP,0.74841328,0.971396157,0.785145644,55.61829978,19.69766584,2.92765072,18.87252318,1.925447192,20.79797037,70.78218843,43.04877585,27.73341258,1.01,16.048325,19.1628,434.875,43.7638857,68.89422414,4.394983825
JASP-30-1 ,JASP,0.689052627,0.727977978,0.846156565,54.56789791,18.75226499,2.974688246,19.16398714,2.271090324,21.43507746,70.1215611,42.4994362,27.6221249,0.947,16.53,20.12,391.64,45.25,74.77,3.250876738
JASP-30-3 ,JASP,0.893710016,0.746394382,0.649849559,48.8274422,18.75225755,2.804284583,18.84438608,2.356563004,21.20094908,65.82278481,38.67947221,27.1433126,0.85,15.09,18.44,414.6,50.51,68.13,2.036124457
JASP-30-4 ,JASP,0.719095165,0.615481092,0.856304165,59.55357501,16.10139725,1.945997275,16.56565657,2.229599021,18.79525559,71.00977199,44.40643036,26.60334163,0.969,18.8,20.84,442.15,52.08,71.09,1.972312297
JEFF-30-1 ,JEFF,0.774959333,0.759898965,0.665195643,52.06404731,19.48935125,2.624317147,17.57656458,2.86212323,20.43868781,68.54237288,42.71102791,25.83134497,0.938,19.4,21.56,453.19,49.02,73.46,0.73163596
JEFF-30-2 ,JEFF,0.808268578,0.724811946,0.682537028,53.29447739,19.46216037,2.993212348,18.46537742,3.079623433,21.54500085,67.81362007,41.53215007,26.28147,0.999,17.25,16.53,361.71,50.25,73.77,1.93067683
JEFF-30-3 ,JEFF,0.69976974,0.692289005,0.672382017,52.21708553,18.90060713,3.287096225,19.48717949,2.224271562,21.71145105,73.31887202,40.79678614,32.52208588,0.936,20.48,19.88,399.61,48.54,74.62,0.77093584
JEFF-30-4 ,JEFF,0.727584143,0.879387044,0.635780418,49.62448778,19.01108674,3.066535595,20.65848935,2.316333118,22.97482247,66.90694626,39.14338208,27.76356419,0.753,11.86,18.08,387.58,45.87,67.83,2.500389691
KIMB-16-1 ,KIMB,0.85697095,1.008123429,0.646300948,50.27372363,19.80564364,2.865769067,18.96103896,2.910301063,21.87134002,71.28005198,44.03445407,27.24559792,0.884,17.49,20.12,408.79,46.08,68.91,0.627709912
KIMB-16-2 ,KIMB,0.450447347,,0.831571594,58.93866406,13.97845061,2.021558168,15.22742254,1.866243183,17.09366573,70.77747989,45.50179383,25.27568606,0.916,17.73,20.6,429.63,50.25,72.14,1.422427287
KIMB-16-3 ,KIMB,0.556641284,,0.52687289,54.14785707,17.6044223,3.14454376,18.98577613,1.69716647,20.6829426,70.60402685,44.98559198,25.61843487,0.777,16.53,17.13,396.88,45.66,66.18,2.32857746
KIMB-16-4 ,KIMB,0.739973199,0.831493288,0.609203925,52.67866996,18.81593666,2.826379682,17.20818291,2.716168909,19.92435182,67.20963173,40.50070811,26.70892362,,18.56,20,457.3,,72.35,
KIMB-16-5 ,KIMB,0.891135308,0.861762728,0.615590979,52.43587645,19.80148822,2.692546456,16.27502176,2.687791756,18.96281351,67.57990868,40.5649269,27.01498177,,19.64,20.36,459.29,,70.48,
KLNA-20-3 ,KLNA,0.763069382,0.667845351,0.779476171,53.91644529,17.55994182,2.715282505,17.67323586,2.348783448,20.0220193,68.78751501,42.85686781,25.9306472,0.978,17.13,21.44,465.58,58.14,70.55,2.898341949
KLNA-20-4 ,KLNA,0.847189624,0.703388469,0.55034425,49.50966227,18.73790151,3.640655789,17.96875,2.617039536,20.58578954,67.34160679,39.85402113,27.48758566,1.044,16.17,21.56,443.91,48.08,70.34,0.932218677
KLNA-20-5,KLNA,0.658500416,0.738379075,0.533882517,51.57646249,18.67285976,3.799721542,19.5855615,2.271906903,21.8574684,68.36388323,42.11715186,26.24673137,0.945,16.53,18.2,426.59,47.17,67.21,1.983612247
KLNB-20-2,KLNB,0.530882255,0.588674267,0.458867834,52.23826755,18.22160867,3.167109392,18.84615385,2.694055944,21.54020979,68.10584958,40.26811902,27.83773056,1.033,19.76,19.52,418.52,51.02,72.86,0.731883122
KLNB-20-3 ,KLNB,0.699577272,0.758493309,0.637675098,49.91462816,18.65015147,3.070636596,18.67638811,2.476724621,21.15311273,68.07747489,40.98658637,27.09088852,1.006,17.96,20.24,390.89,47.62,69.04,0.611015937
KLNC-20-2 ,KLNC,0.660850211,0.560719063,0.477813642,46.94981873,17.99259756,2.564718268,17.4573055,2.590822839,20.04812834,72.60273973,43.79192772,28.81081201,0.902,20.84,20.84,398.33,52.63,74.58,0.248485434
KLND-20-1 ,KLND,0.801970677,0.525811086,0.578025256,50.97188411,19.45147072,2.935539725,17.48942172,2.956468778,20.4458905,69.82813495,42.58446286,27.24367208,0.86,16.77,20.84,432.93,50.76,73.48,0.923184956
KLND-20-2 ,KLND,0.63212744,,0.747958186,46.65703638,18.33721501,2.802294168,18.02973978,2.27681086,20.30655064,63.14496314,35.58272951,27.56223363,0.905,20.36,22.76,458.7,56.82,71.06,0.198953957
KLND-20-3,KLND,0.918819153,0.660062535,0.635429166,49.62639824,19.68422387,3.303348257,19.34357542,2.798343068,22.14191849,67.01388889,37.89981158,29.11407731,0.827,17.85,17.25,399,52.36,71.81,1.684020761
KLND-20-5 ,KLND,0.658436777,0.779742542,0.642584444,47.2610705,18.85507583,3.243932013,18.86073807,2.631438741,21.49217681,67.68348467,37.78846214,29.89502254,0.775,18.923225,19.58205625,421.725,52.63741135,73.79321231,
KLNE-20-1 ,KLNE,0.97139764,0.626944393,0.61845667,47.09623778,18.53386025,2.776379662,18.5619956,3.103381578,21.66537718,69.6929239,41.29627421,28.39664969,0.84,16.77,20.36,403.05,46.51,73.96,1.861421072
KLNE-20-2 ,KLNE,0.671300443,0.490027427,0.627501676,51.66151261,18.5567954,2.786744948,18.64150943,2.766312178,21.40782161,67.77702243,39.44111325,28.33590918,0.812,20.12,21.56,418.45,46.51,72.58,1.081622475
KLNE-20-3 ,KLNE,0.881304971,0.683012678,0.663588309,49.87351075,19.83270815,3.75822699,18.24034335,2.481271947,20.72161529,68.52531181,39.77783214,28.74747968,0.823,18.44,20.48,425.39,50.76,68.37,0.630707059
KLNE-20-4 ,KLNE,0.418221111,0.251102179,0.229258653,44.77481304,17.21608508,3.227301755,17.87531807,2.358923201,20.23424127,72.43172952,39.80018846,32.63154105,0.965,19.64,19.16,370.57,47.17,74.23,0.661894019
KLNE-20-5 ,KLNE,0.680025589,,0.906334843,53.71300671,16.28186854,2.443970751,16.90054912,2.02776083,18.92830995,71.02803738,45.19047899,25.83755839,1.053,17.37,20.6,483.56,44.84,72.03,0.951741269
KLNG-20-1 ,KLNG,0.816226257,0.989160638,0.564027975,44.68185219,18.10825778,3.146797769,17.18146718,2.427284427,19.60875161,69.4531741,40.88539055,28.56778356,1.076,16.41,19.16,432.19,52.36,69.03,0.33544693
KLNG-20-2,KLNG,0.624264874,0.602338504,0.601921466,47.21559991,16.54560753,3.204894964,19.12848294,2.038532233,21.16701517,68.16870248,41.66668089,26.50202158,0.941666667,16.048325,19.44230417,335.22,48.98140916,71.64835225,
KLNG-20-4 ,KLNG,0.752544386,0.638121958,0.547863903,49.88326818,17.11569309,2.840066071,14.25219941,2.669128232,16.92132765,75.2027027,43.70825924,31.49444346,0.838,19.4,20.36,377.63,49.5,72.62,0.437360299
KLNG-20-6 ,KLNG,0.623188203,0.701102737,0.529164008,47.38351647,17.25746831,2.990719301,17.37346101,2.437010322,19.81047133,70.93333333,42.53533152,28.39800181,1.035,15.57,18.56,374.73,46.08,68.7,2.863457972
KLNG-20-7 ,KLNG,0.642406282,0.690197257,0.56266843,48.03122202,17.17819443,3.09436396,15.87403599,2.774888993,18.64892498,68.95403065,43.2928888,25.66114184,0.898,18.32,17.61,404.26,42.92,72.37,0.773966007
KTMA-12-1 ,KTMA,0.816404185,0.558164917,0.869544034,52.07734379,18.53103893,3.844088135,17.6784523,2.55540057,20.23385287,68.37041491,42.3154841,26.05493082,0.986,18.56,18.68,408.09,49.75,69.79,3.333836797
KTMA-12-4 ,KTMA,0.637157768,0.416308665,0.353931265,51.83673442,19.15023291,2.340637365,19.10466583,2.378310214,21.48297604,64.1495042,38.32224271,25.82726149,0.63,20.84,24.67,478.38,51.81,69.2,3.003336162
KTMC-12-3 ,KTMC,0.537921388,0.820550129,0.477432633,52.8012462,18.75350005,2.579664215,15.83442838,2.55937164,18.39380002,74.53066333,43.1369253,31.39373803,0.905,19.28,19.28,386.65,48.78,71.01,2.453358382
KTWF-10-3 ,KTWF,0.613234808,0.878288899,0.887243508,52.97069023,18.09624002,2.761692793,17.43958197,2.508817766,19.94839974,67.78934476,39.14523259,28.64411218,0.882,21.56,20.96,416.97,45.87,72.42,0.802784323
LAFY-30-1 ,LAFY,0.611623491,0.716911471,0.849084718,50.54369613,17.88783203,2.929777352,20.69857697,2.625808538,23.32438551,65.3624118,38.99266956,26.36974224,0.92,16.65,20.6,320.42,45.25,69.34,3.78363556
LAFY-30-2 ,LAFY,0.776697493,0.730958445,0.883003866,50.82192865,20.06741575,2.034599379,16.10223642,2.597269823,18.69950624,68.09256662,41.29186276,26.80070386,0.96,19.16,20,399.18,45.05,67.53,1.518159435
LAFY-30-3 ,LAFY,0.517532151,0.829022568,0.607922015,52.14258698,16.2781825,2.015065271,18.40052016,2.805325689,21.20584584,66.14785992,38.67131556,27.47654436,0.96,14.61,16.29,366.96,45.87,69.1,3.393866255
LILA-26-2 ,LILA,0.598027723,0.489081591,0.626859065,49.64112075,20.81291003,2.970824469,18.0564675,2.828150182,20.88461768,66.66666667,38.22717034,28.43949632,0.972,19.04,21.08,425.3,51.28,68.9,0.628635961
LILA-26-4 ,LILA,0.603924895,0.790675619,0.508566475,50.54109174,21.95877154,2.592711259,16.84958037,3.019602089,19.86918246,71.16077866,41.01032691,30.15045175,0.907,18.56,18.8,372.74,46.95,72.4,
LILA-26-5 ,LILA,0.510015815,0.608105687,0.428114727,49.59963478,19.6444462,2.738720228,17.29660474,3.320540446,20.61714519,69.3000693,38.35505831,30.94501099,0.918,14.73,18.8,389.21,46.51,74.57,1.944243508
LILB-26-1 ,LILB,0.686861875,0.890675758,0.567245554,48.26533556,19.54491341,2.490354999,17.8614098,2.427527968,20.28893776,71.31560029,40.84533378,30.47026651,0.946,18.44,17.85,416.72,44.25,67.82,0.915368974
LILB-26-2 ,LILB,0.591445776,0.779050204,0.602227194,46.90800023,18.80082611,2.757555826,18.65524061,2.94615569,21.6013963,69.71504307,43.87136294,25.84368013,0.854,18.68,18.8,367.16,45.87,73.36,0.857712585
LILB-26-3,LILB,0.565829262,0.534562054,0.496696928,51.29937482,20.83841269,2.76583012,17.23329831,2.586039408,19.81933772,69.4523322,40.29064903,29.16168317,0.981,19.2825875,19.0430125,443,50.39350089,69.46247411,0.514941726
LILB-26-4,LILB,0.61034799,1.026813799,0.671868682,48.87861581,18.86144833,2.719958067,18.21192053,2.72372065,20.93564118,67.46835443,40.18195481,27.28639962,0.823,19.04,22.04,378.02,49.26,70.1,0.719544602
LILB-26-5 ,LILB,0.536013143,0.816717532,0.590388581,50.76517185,19.0941462,2.904179024,16.6560712,2.942957869,19.59902907,70.65637066,40.74339511,29.91297555,0.932,18.68,19.28,352.92,45.66,72.78,2.951943198
LILC-26-1 ,LILC,0.538163188,1.334027576,0.659031998,40.66209448,13.91230467,1.901606843,17.65860039,2.004072775,19.66267317,69.1166989,40.05885283,29.05784607,0.829,17.61,20,385.81,44.64,71.18,1.110114948
LILC-26-2 ,LILC,0.76393047,1.414188277,0.716373063,48.96549899,20.01999156,3.040011462,17.99870045,2.903361096,20.90206155,70.48231511,39.41155149,31.07076363,0.635,18.68,18.8,377.71,46.08,72.33,0.779396134
LILC-26-3 ,LILC,0.63597757,0.66607859,0.488934682,48.54626877,20.33699928,3.321614157,19.40768746,3.266139657,22.67382712,68.82566586,38.56620202,30.25946384,0.716,19.04,18.8,402.04,49.02,73.02,0.532625495
LILC-26-5 ,LILC,0.538205987,0.540813824,0.674015515,51.90731998,18.7135535,2.542771218,17.70963705,3.163841165,20.87347821,68.4418146,38.2083849,30.23342969,0.771,17.73,21.56,376.08,47.17,73.6,0.909486947
LILD-26-3 ,LILD,0.445604528,0.373224369,0.606183711,53.44011728,18.60029472,3.10052913,16.99554424,2.993952896,19.98949714,69.58333333,42.95127482,26.63205851,1.031,17.49,19.76,428.41,46.51,73.64,2.130228409
LNZK-28-2 ,LNZK,0.547817761,0.463652352,0.488118935,52.15526184,20.02625456,3.149721497,18.61219196,2.603466572,21.21565853,69.50032446,42.01202825,27.48829621,0.865,17.61,19.28,403.2,45.87,70.11,0.943240341
LNZK-28-3 ,LNZK,0.45434121,0.47231668,0.378859108,44.90742265,18.2394415,2.449321745,18.85676741,2.341625851,21.19839326,69.78776529,40.7832083,29.00455699,0.867,17.37,16.17,375.44,46.51,69.34,1.090402658
LNZK-28-4 ,LNZK,0.460436586,0.434475188,0.359470157,52.40399995,18.75221785,3.461155215,19.25545571,3.08268176,22.33813747,67.24832215,40.42280803,26.82551412,0.899,18.32,17.37,387.07,50.76,73.82,1.031035334
LNZK-28-5 ,LNZK,0.572651879,0.973449008,0.625429848,46.06790242,15.7156893,2.55502752,16.6442953,2.635387431,19.27968273,70.22742936,42.73948373,27.48794563,0.867,18.08,18.8,378.89,45.25,72.79,
LONG-29-1 ,LONG,0.624801522,0.555174292,0.666620456,48.1433285,17.27808196,2.38098622,18.33648393,2.258234519,20.59471845,71.71314741,43.5532246,28.15992281,0.927,14.97,20.48,455.02,49.5,69.82,1.150432941
LONG-29-2 ,LONG,0.552543676,,1.04918335,58.91930382,13.87926584,2.404144569,15.92105263,2.016626794,17.93767943,73.89937107,48.14297564,25.75639543,0.949,16.05,20,515.16,53.19,73.96,2.071117257
LONG-29-4,LONG,0.554712223,0.472239784,0.512725352,47.49090714,18.14431671,2.835359082,22.05755892,1.769591955,23.82715088,68.32855322,41.25564999,27.07290323,0.882,14.55098125,17.18630625,352.205,47.39814441,63.77477013,6.6841205
MCFA-20-1 ,MCFA,0.512645767,0.637938658,0.435634337,50.28551807,19.9236444,2.861234758,18.04560261,3.197660646,21.24326325,70.78651685,42.82382853,27.96268833,0.901,17.73,19.64,406.16,47.39,75.12,0.610764042
MCFA-20-2 ,MCFA,0.476199958,0.721634295,0.424909025,42.88728953,15.3089379,2.215618319,17.82051282,2.127768065,19.94828089,69.96221662,42.7550379,27.20717873,0.987,16.53,20.84,427.26,49.02,71.07,1.727345506
MCFA-20-3 ,MCFA,0.546957211,1.048782897,0.689637639,44.90056712,17.86108711,2.703107142,18.67549669,3.15436484,21.82986153,71.62162162,42.14602458,29.47559704,0.966,17.25,18.68,415.92,49.5,74.45,0.308162499
MCFA-20-6 ,MCFA,0.399774177,0.574495471,0.447636708,47.13871703,16.46437052,2.572695765,19.93442623,2.117645306,22.05207154,70.31736154,43.36387336,26.95348819,0.975,16.65,18.44,381.43,47.39,68.05,1.06197425
MCGR-15-6 ,MCGR,0.752438301,1.343631627,0.740466907,48.73382109,19.09967364,2.521743945,18.04835924,2.498076621,20.54643586,66.37407157,39.81322856,26.56084301,,19.64,21.8,513.34,,72.94,
MCGR-15-7 ,MCGR,0.548084298,,0.901671415,55.00218369,14.94762373,2.651045769,16.52459016,2.231445604,18.75603577,71.62534435,44.86250431,26.76284004,,20.24,19.64,465.83,,78.42,
MCGR-15-8 ,MCGR,0.579594856,0.626125249,0.638465618,50.49635971,17.83136707,2.391448321,18.0564675,2.149943294,20.20641079,71.04105572,42.88816344,28.15289228,,17.13,19.28,496.36,,68.65,1.083589145
MCHA-19-3 ,MCHA,0.459814144,0.541086062,0.513764654,51.54042704,18.01440295,2.643373536,19.47803947,2.784995081,22.26303455,70.18450185,41.93295227,28.25154957,0.888,17.96,19.4,396.62,49.02,72.81,0.71816958
MCHA-19-4 ,MCHA,0.421127576,0.406596778,0.459717331,51.95034487,18.22555611,3.276009981,19.40298507,2.456037992,21.85902307,69.64520368,42.7879837,26.85721998,0.878,20.12,19.28,427.83,48.08,69.43,0.469441503
MCHA-19-5 ,MCHA,0.407975567,0.308416147,0.374029094,48.90888692,19.10105342,3.707676353,19.60154242,2.36503856,21.96658098,65.05415162,40.73442881,24.31972282,0.892,19.52,18.56,422.6,43.67,69.62,1.186615416
MCHB-19-1 ,MCHB,0.540042813,0.832747178,0.535898193,47.32539529,15.9919982,2.588641898,20.03780718,2.662055336,22.69986252,70.59214904,43.44034362,27.15180542,0.997,19.16,17.96,397.98,53.76,72.03,1.346778141
MCHB-19-2 ,MCHB,0.456569524,0.718373203,0.52749239,52.02286987,17.57793644,2.414968053,18.79549967,2.576619939,21.37211961,74.17900837,41.41109434,32.76791403,0.674,21.32,22.28,414.45,55.25,72.87,0.71554938
MCHB-19-3 ,MCHB,0.527250604,0.815040398,0.77852784,47.10160534,15.83815964,2.44887779,19.73421927,2.578556327,22.3127756,68.73368146,39.83404757,28.8996339,0.994,17.25,19.04,404.48,49.02,71.65,1.201350328
MCHB-19-4 ,MCHB,0.468234559,1.020758343,0.399804835,46.99431743,16.59942692,2.880392821,18.39228296,3.079888921,21.47217188,70.18673535,43.41462779,26.77210756,1.024,15.57,20.84,425.5,50.25,75.8,0.569047477
MCHB-19-5 ,MCHB,0.58779886,0.846632272,0.578012054,47.79826123,16.48883854,2.748354053,18.72391175,2.016723586,20.74063533,66.12779061,40.60519416,25.52259645,0.9,18.44,20,405.39,47.17,67.81,0.751491101
MCMN-27-3 ,MCMN,0.73105887,0.809301452,0.73577929,47.07404456,18.11359356,3.178524227,20.51612903,2.229853372,22.7459824,65.27777778,37.65549071,27.62228706,0.764,14.25,16.53,388.19,47.85,67.59,2.712302775
MCMN-27-5 ,MCMN,0.566970747,0.756208935,0.721744798,50.06578459,16.97839284,2.745452668,18.20529374,2.279887317,20.48518106,65.94488189,41.13671639,24.8081655,0.811,20.84,20,460.21,51.28,71.09,1.941664328
MEMA-28-1 ,MEMA,0.459112056,0.77878185,0.330596337,43.6559115,17.025157,2.596741285,18.89714994,2.233412189,21.13056213,71.76541717,41.5564791,30.20893807,0.838,18.92,22.76,367.83,44.25,70.75,0.912292682
MEMA-28-3 ,MEMA,0.489096843,0.708003218,0.721507323,49.08862982,17.393663,2.718832122,16.94610778,2.44586282,19.3919706,68.15642458,36.9121799,31.24424468,0.912,23.36,23.36,385.91,54.05,71.9,2.83595321
MEMA-28-4 ,MEMA,0.530328984,0.553787412,0.68171553,49.6830543,17.34716441,2.636460014,20.54533925,2.367354586,22.91269384,73.74413932,43.56204499,30.18209432,0.98,18.44,18.2,362.07,45.66,71.45,3.886510076
MEMA-28-5 ,MEMA,0.61622516,0.648322199,0.902069786,52.91789569,16.65711375,2.193003747,14.26900585,3.029372674,17.29837852,71.52020526,43.59634061,27.92386465,0.81,18.68,20.48,396.71,56.5,74.33,0.92581991
MTSM-27-1,MTSM,0.550293276,0.723291587,0.711248739,43.51312547,15.97798451,2.673364179,17.94196653,1.905746024,19.84771255,70.83067319,40.88172886,29.94894434,1.023,16.94673125,19.64195,391.05,47.16981132,73.39905428,1.836576336
MTSM-27-3 ,MTSM,0.646319826,0.667280064,0.929404955,52.31891976,15.6262653,2.625870072,18.48580442,2.629796387,21.1156008,70.12417823,42.49319244,27.63098579,0.961,18.56,21.2,394.94,43.86,68.28,2.704800573
MTSM-27-5 ,MTSM,0.522877506,0.706695811,0.510401306,46.55908051,15.97557618,2.70072738,18.75816993,1.864735591,20.62290553,68.76295784,43.23576723,25.52719061,0.982,21.2,21.68,381.45,53.48,70.33,2.495731218
NBON-29-1 ,NBON,0.571215291,0.544785875,0.822609669,54.25613791,18.36804688,2.127215602,18.83604506,2.715041529,21.55108659,68.82591093,42.29989993,26.526011,0.928,15.81,17.61,376.85,47.17,73.84,2.769963098
NBON-29-2 ,NBON,0.639448661,0.774919986,0.823648341,52.45173714,18.33903135,2.968376019,17.78606965,2.647444595,20.43351425,71.18758435,42.83779914,28.3497852,0.966,13.17,21.44,405.64,44.84,67.51,2.271260467
NBON-29-4 ,NBON,0.739059945,0.929704751,0.954500199,48.53094858,19.10162839,3.015807397,20.7840697,2.321858913,23.10592861,67.5862069,39.80137122,27.78483568,0.652,19.04,19.04,322.82,48.54,67,8.108141084
NECA-14-1,NECA,0.595707923,0.541829168,0.549603764,49.81887721,19.75733046,3.421821774,20.0893029,2.04994791,22.13925081,68.21347032,39.67695601,28.53651431,0.8965,16.34779375,20.2408875,366.47,48.44915771,67.3574274,4.691863595
NECB-14-6,NECB,0.666689782,0.51225412,0.55185504,47.20508365,18.65448396,2.470910084,18.54830156,2.186953355,20.73525492,65.46989311,39.25260561,26.2172875,0.681,19.46226875,20.839825,463.835,46.62232655,67.32169952,
NHTA-27-2 ,NHTA,0.714303789,0.847220253,0.661556904,51.54208596,17.76995474,2.81322146,18.08318264,2.274919174,20.35810181,68.03218727,40.56207678,27.47011049,0.859,24.55,25.51,422.12,46.08,69.26,0.742664983
NHTA-27-3 ,NHTA,0.563346043,0.407407827,0.836836521,55.18256301,20.29787751,3.39511699,17.40448757,2.4186835,19.82317107,66.73497268,40.47031991,26.26465276,1.03,18.08,22.16,409.3,48.54,70.49,3.681229832
NHTA-27-5 ,NHTA,0.627086435,0.388064564,0.83519649,51.86470238,19.58288307,2.812028933,20.32019704,2.340041424,22.66023847,69.31659693,41.70302892,27.61356801,,,,,,71.36,1.541372655
NHTB-27-1 ,NHTB,0.570811811,0.400509099,0.437856281,50.90307971,22.28294757,3.397778075,18.29673985,2.275237404,20.57197726,65.50764951,38.63138038,26.87626913,,15.33,20.12,393.44,53.76,68.23,1.420225844
NHTB-27-2 ,NHTB,0.527607491,0.326797123,0.546365225,56.15177513,17.91776548,2.739556945,19.80456026,2.525436778,22.32999704,68.43636364,41.98024071,26.45612293,0.774,17.25,20,357.44,46.51,70.11,3.548198553
NHTB-27-3 ,NHTB,0.512877021,0.421465773,0.523712378,54.09546175,21.67383891,3.266245587,18.2756527,2.748523486,21.02417619,64.63492063,37.29796994,27.33695069,0.948,21.56,23.83,429.42,55.25,71.6,0.597181617
NHTB-27-4 ,NHTB,0.494648275,0.4093105,0.146584662,49.1117916,19.0230017,2.208521498,18.17589577,2.860527095,21.03642286,70.77409163,41.33865929,29.43543234,0.847,18.92,20.24,428.1,52.63,75.06,0.640507411
NHTB-27-5 ,NHTB,0.583749908,0.447096436,0.425667606,53.60809634,19.87820288,3.34373344,18.54005168,2.498825464,21.03887714,66.38977636,39.44088207,26.94889429,0.965,18.92,19.88,388.11,53.19,71.28,1.98814677
NPLN-30-3 ,NPLN,0.532657023,0.37772529,0.328545677,53.59936481,21.10007079,3.397813476,18.02788845,3.047854038,21.07574248,65.09884117,37.39241225,27.70642892,0.884,18.92,20.12,352.66,43.29,68.4,
NPLN-30-4,NPLN,0.502187447,0.42523398,0.447315562,54.25916264,20.2329979,3.356980902,19.4511629,2.799640018,22.25080292,66.08959729,38.98368235,27.10591494,0.966,17.42588125,18.86333125,449.045,46.9856396,71.53197225,1.839717552
PHLA-22-1 ,PHLA,0.597415358,0.474330939,0.45404265,48.73926901,20.28796812,3.706923871,20.29262087,2.817805922,23.11042679,72.62059974,41.41271296,31.20788678,0.848,20.24,20.24,385.18,47.85,68.51,1.133267023
PHLA-22-2 ,PHLA,0.639165399,1.066735948,0.426051503,50.37930057,21.70049876,3.513380436,15.23309258,3.385542888,18.61863547,69.797145,40.23415272,29.56299229,0.833,18.68,22.52,371.48,47.62,71.52,0.532227956
PHLA-22-3 ,PHLA,0.51729319,0.424793863,0.367465983,49.96409442,19.80150832,2.94067366,18.7537092,3.074939304,21.8286485,71.40893471,39.44015864,31.96877607,1.034,19.4,20.6,358.25,45.05,71.98,0.81293603
PHLA-22-4 ,PHLA,0.526713485,0.419183714,0.270843693,48.5475193,19.1873856,3.129871332,18.49405548,2.954755614,21.4488111,71.04642014,41.22090317,29.82551697,0.871,17.73,20.36,398.89,48.78,71.92,1.032513892
PHLA-22-5 ,PHLA,0.5766838,0.451796647,0.365761597,48.41033472,20.4007115,3.375024174,18.71419478,3.407210231,22.12140501,71.66262136,41.47327202,30.18934933,0.906,18.2,18.32,402.62,49.75,73.1,0.441113945
PHLC-22-1 ,PHLC,0.444767742,0.359550903,0.741767783,59.78504625,15.88288169,2.642687488,17.69276748,2.815790904,20.50855839,72.66754271,43.16705338,29.50048932,1.058,15.09,16.89,413.33,61.73,70.53,1.571607177
PHLC-22-2 ,PHLC,0.467340943,0.377041296,0.529470182,55.75470195,19.91373973,2.921049836,16.69966997,3.130153015,19.82982298,70.80139373,41.80855005,28.99284368,0.946,18.08,18.44,463.45,54.05,71.95,0.816548629
PHLC-22-3 ,PHLC,0.476969276,0.343195465,0.283671727,46.84035835,17.63708295,3.228631922,19.28665786,2.835294824,22.12195268,68.5136897,40.79560539,27.71808431,1.07,17.61,22.04,403.46,48.54,69.79,2.461671376
PHLC-22-4 ,PHLC,0.425786232,0.338872391,0.71464203,56.72491726,17.42855106,2.693946514,16.33311814,2.899465931,19.23258407,69.03589022,44.41147813,24.62441209,0.996,19.64,20.72,371.42,50.51,69.98,1.401746945
PHLC-22-5 ,PHLC,0.510129344,0.441460223,0.748631977,48.79732879,20.67196899,3.228027186,19.40667491,3.107933476,22.51460838,68.69257951,38.89639935,29.79618015,0.848,20.6,22.88,381.7,45.45,69.76,0.438729509
PITS-29-1,PITS,0.522529166,0.44386952,0.847620035,52.00553439,19.71916899,3.137250489,18.28477042,2.94670821,21.23147863,70.63545967,40.65609452,29.97936514,0.8934,19.5221625,20.88774,406.576,49.94881634,69.38018378,
QAUS-16-1 ,QAUS,0.531656113,0.361237939,0.571227152,50.74559478,16.60274948,2.490814227,17.44791667,2.758611506,20.20652817,68.37820914,42.48851441,25.88969473,0.912,18.44,18.2,448.67,53.76,71.77,2.382759675
QAUS-16-3 ,QAUS,0.536251339,0.407541031,0.160318558,47.30609358,16.98414356,2.944206955,18.78594249,2.967354052,21.75329654,66.89993002,42.01760814,24.88232188,0.928,18.8,19.28,435.79,54.64,73.91,0.555104899
QAUS-16-4 ,QAUS,1.210513824,,0.569333556,49.63268232,17.58219031,1.873337183,10.20408163,,,64.50151057,35.08736414,29.41414643,,18.92,19.52,401.62,,,
QAUS-16-7 ,QAUS,0.602247532,0.354149384,0.69840889,53.14927072,17.40901519,2.378367016,18.1097158,2.638857177,20.74857297,69.79038224,44.59196655,25.1984157,0.91,20.48,20.84,402.38,57.14,70.03,1.244699247
QBKR-16-2 ,QBKR,0.59353546,0.391378555,0.14952962,52.15204912,16.87460612,1.792085692,14.28571429,,,68.52646638,39.54186882,28.98459756,,16.53,18.2,360.36,,74.57,
QBKR-16-3 ,QBKR,0.558891417,0.40392668,0.531213662,54.7973751,20.61614187,3.99661265,16.31513648,2.992386646,19.30752312,67.26457399,39.73625456,27.52831943,0.908,18.44,21.32,397.74,46.08,72.66,1.304621102
QBKR-16-4 ,QBKR,0.581596652,0.413074879,0.696112839,49.03645118,19.03780058,3.068261791,18.875,3.249403409,22.12440341,66.0923501,39.10055984,26.99179026,,17.13,19.04,406.32,,73.32,1.891021449
QBKR-16-5 ,QBKR,0.588034403,0.419896662,0.855816362,50.98957159,20.16668503,3.76322539,18.90012642,3.50048845,22.40061487,70.03942181,38.94818483,31.09123699,0.866,19.16,20.96,436.34,48.31,74.45,1.152089718
QCTN-16-1 ,QCTN,0.548650848,0.396723509,0.665689966,44.14913134,19.06387754,3.067502118,18.56010568,2.822865378,21.38297106,68.17558299,38.00738321,30.16819978,0.707,17.49,17.96,449.46,46.3,71.1,
QCTN-16-3 ,QCTN,0.567656076,0.393846605,0.913514235,52.13908155,15.93311922,2.271542988,15.53784861,2.830224556,18.36807316,69.68232044,42.93910177,26.74321867,0.788,18.08,17.96,396.79,52.36,74.6,2.503555499
QCTN-16-4 ,QCTN,0.51094584,0.389672884,0.617169776,47.43691359,18.44114534,3.414408969,19.94801819,2.512759171,22.46077736,67.2392638,39.16774559,28.07151821,0.891,17.37,18.44,355.57,48.78,71.47,3.514410988
QFRS-16-1 ,QFRS,0.519712482,0.355539423,0.580921965,48.76543256,17.13289298,2.826229416,17.82304265,3.073809386,20.89685203,69.44074567,42.13361232,27.30713335,0.891,20.6,19.52,445.61,52.08,73.46,1.379956516
QFRS-16-2 ,QFRS,0.570833064,0.388176364,0.235165406,46.91470274,18.0076671,3.409060877,16.27009646,2.743057586,19.01315405,73.5698769,44.30552272,29.26435418,0.875,19.4,19.4,374.72,44.64,73.86,4.206366393
QFRS-16-4 ,QFRS,0.5529369,0.415869127,0.229893183,47.98769381,17.33173272,2.856738338,17.7503251,2.634708594,20.38503369,69.61946351,38.7080718,30.9113917,0.95,17.37,18.56,358.47,44.25,70.31,2.803755658
QLKE-16-1 ,QLKE,0.615389996,0.307716408,0.38829945,45.6828438,17.45176181,2.6845862,18.97570584,2.410105653,21.3858115,68.74536006,41.31779528,27.42756478,0.794,16.53,17.25,423.18,42.37,68.41,
QLKE-16-2 ,QLKE,0.540697808,0.407229627,0.499167134,50.69636196,16.40046747,3.050426836,18.82736156,2.911607936,21.7389695,68.89495225,41.91860436,26.9763479,0.584,18.68,17.73,404.27,54.35,76.65,1.727581152
QLKE-16-3 ,QLKE,0.60718131,0.421241953,0.321084469,49.57611709,18.02411079,3.164038944,23.13829787,2.585831721,25.72412959,66.20462046,38.39008402,27.81453644,0.831,15.93,19.04,367.61,45.05,64.47,9.084109989
QLKE-16-4 ,QLKE,0.618428784,0.408365609,0.81221579,46.31829376,16.95543913,2.736565222,18.15772034,2.548858365,20.70657871,68.18486269,42.5063701,25.67849259,0.857,18.68,19.04,353.39,43.86,70.01,3.29971651
SHEL-15-1 ,SHEL,0.474949527,0.357351206,0.354019139,52.3471065,17.38316774,2.800196974,17.85252264,2.853698695,20.70622133,72.1947777,44.07272448,28.12205322,0.94,17.37,20.36,361.69,55.25,71.45,2.099794259
SHEL-15-2 ,SHEL,0.570531709,0.39490609,0.392749356,48.23619513,19.64663352,3.537520594,17.41977734,2.658480681,20.07825802,71.04353836,40.37888982,30.66464853,0.785,19.16,18.32,412,45.66,72.46,0.466327242
SHEL-15-3 ,SHEL,0.540900419,0.33674749,0.473612477,52.37914835,16.14503499,3.34487823,17.28472659,2.809079481,20.09380607,66.24737945,39.42957879,26.81780067,0.978,17.37,19.52,420.87,52.36,70.53,4.974087355
SHEL-15-4 ,SHEL,0.628817434,0.530425063,0.453832166,56.3471854,16.95392485,3.349736672,15.60730019,3.171548716,18.7788489,70.18950437,43.87038095,26.31912342,0.99,18.92,20.12,413.13,59.52,74.68,1.981034355
SHEL-15-5,SHEL,0.412327261,0.378495079,0.302308721,49.99678351,19.83972778,2.442976466,18.32335329,2.498448557,20.82180185,70.22792023,41.58326276,28.64465747,0.754,21.2,20.24,411.94,53.76,69.8,1.046402827
SHEL-15-6,SHEL,0.505582899,0.398491661,0.302999015,51.45652198,18.8426736,3.904264575,18.0715198,2.854638337,20.92615813,68.35883171,41.76504614,26.59378557,0.884,19.76,20.84,371.73,46.73,71.04,2.211874096
SKND-10-2 ,SKND,0.582152382,0.414549483,0.6807824,56.21479662,18.88913169,3.469457222,18.98263027,2.739454094,21.72208437,65.28640442,39.42704567,25.85935874,0.976,16.89,19.4,397.55,49.26,68.94,3.489925328
SKNN-10-2 ,SKNN,0.646067755,0.472275513,0.586240332,51.88545376,18.53661404,3.371086916,19.21052632,2.914892344,22.12541866,69.66220523,40.5265393,29.13566593,0.837,20.24,20.12,408.27,44.44,68.62,3.09881337
SKNO-10-4 ,SKNO,0.520655268,0.467923397,0.16047418,50.72643253,20.76589443,3.211972866,11.79290508,2.865728232,14.65863331,68.72803935,39.70399888,29.02404047,,20.84,23.24,440.82,,72.59,
SKNP-10-8 ,SKNP,0.510706914,0.447548731,0.336734487,49.23097649,18.39167407,3.300329583,22.40143369,2.608640165,25.01007386,67.80275562,38.84155485,28.96120077,0.877,18.2,19.88,356.73,48.08,65.91,2.059030069
SKWA-24-2 ,SKWA,0.519342685,0.452756414,0.196506666,47.840988,19.21406993,3.605326683,17.64327109,3.057601124,20.70087221,70.09735744,40.76435089,29.33300655,0.901,18.08,18.32,418.06,48.78,71.7,0.730391679
SKWA-24-3 ,SKWA,0.607391297,0.44260288,0.399900284,47.58066345,19.73166987,3.436919119,19.39355654,3.214954344,22.60851088,70.0238379,39.99910996,30.02472794,0.901,17.96,19.04,394.53,51.02,72.26,0.810770599
SKWA-24-4 ,SKWA,0.535795737,0.408434356,0.398383285,47.12109795,20.25817164,3.181105182,18.89230769,3.058517483,21.95082517,71.84986595,40.01050044,31.83936551,0.796,18.8,18.2,424.14,52.36,72.23,0.513923182
SKWA-24-5 ,SKWA,0.479668813,0.458444981,0.19056284,48.81309493,18.03011836,3.183270088,19.44990177,2.7509079,22.20080967,70.09536785,41.52576427,28.56960358,1.034,17.49,18.8,390.52,49.02,68.23,0.921244346
SKWB-24-2,SKWB,0.580035131,0.41945426,0.554701303,53.03743936,19.54667059,2.777776567,18.5282523,2.95708398,21.48533628,71.58590308,43.09877694,28.48712615,1.061,20.96,23.59,394.06,49.75,69.12,1.618893149
SKWB-24-3,SKWB,0.590184024,0.570901289,0.248525235,47.84144164,18.73614778,3.458394789,17.73142112,3.144541899,20.87596302,66.7721519,38.78603786,27.98611404,0.809,19.28,22.16,413.32,51.55,72.91,1.450421596
SKWB-24-4 ,SKWB,0.5369234,0.367592878,0.130420271,47.27665727,20.55971804,3.792229977,18.9206762,3.150638373,22.07131458,72.37099935,40.48517503,31.88582432,0.842,19.04,22.52,449.99,47.39,71.97,0.436620049
SKWC-24-1 ,SKWC,0.519260219,0.409106658,0.399686837,52.04352238,19.76283209,3.359601916,18.00643087,3.243262204,21.24969307,71.75102599,42.56783536,29.18319063,1.007,18.8,20.24,378.4,49.02,71.46,0.414214534
SKWC-24-3 ,SKWC,0.488425124,0.37390574,0.119011585,47.77233578,20.43084214,3.281349292,18.55053191,2.986913685,21.5374456,67.92899408,39.92261793,28.00637615,0.899,18.68,19.64,425.98,46.3,68.2,0.44572185
SKWC-24-4 ,SKWC,0.591983238,0.437465452,0.365997757,49.24036042,20.51793147,3.746123064,18.29710145,3.251893939,21.54899539,70.56179775,39.8284,30.73339775,0.905,18.68,19.4,413.1,49.75,70.86,0.621719343
SKWD-24-1 ,SKWD,0.491059551,0.372662478,0.171348868,50.97638666,19.38470026,2.630072868,17.79915815,2.975427759,20.77458591,68.6344239,42.01383723,26.62058667,,19.28,20.24,378.46,49.02,71.63,0.766290142
SKWD-24-3 ,SKWD,0.563315251,0.422089965,0.179982946,55.05779475,21.23748542,3.394099951,18.7088274,2.879476584,21.58830399,64.98951782,37.59403561,27.39548221,0.954,21.08,21.92,383.4,46.95,70.22,0.279548583
SKWD-24-4 ,SKWD,0.406986893,0.349650909,0.111236952,52.60562611,20.24082774,3.669585131,15.59343434,3.524449036,19.11788338,68.90282132,42.06966871,26.83315261,0.946,19.04,20.48,401.88,51.02,74.32,0.500556146
SKWD-24-5 ,SKWD,0.414678712,0.332264977,0.457974977,53.44050542,17.8567097,3.150739724,15.7635468,3.292795567,19.05634236,72.03667322,44.75425402,27.28241919,0.924,19.52,21.08,424.61,51.02,74.42,0.67082823
SKWE-24-1 ,SKWE,0.518850524,0.336195913,0.244576548,50.91933371,19.54077325,2.266188509,17.24590164,3.211087928,20.45698957,68.71325931,41.1010798,27.61217951,0.935,20.6,19.4,432.65,53.76,70.98,0.997137924
SKWE-24-2 ,SKWE,0.443810645,0.360768809,0.366282362,49.35040466,18.82484742,2.777801375,16.58986175,3.240977916,19.83083967,64.98936924,38.23225939,26.75710985,,17.25,19.16,354.46,51.81,71.39,1.065314815
SKWE-24-3 ,SKWE,0.475172186,0.443150135,0.134431966,45.81504188,20.52893988,2.997748936,19.87616099,2.918857304,22.79501829,67.44047619,37.96463711,29.47583908,0.8,19.16,20.84,403.22,50.25,73.63,0.210667595
SKWE-24-4 ,SKWE,0.490733051,0.367258072,0.168100565,49.68892466,18.30186175,3.397569067,19.87538941,2.481081847,22.35647125,65.97717546,38.74319487,27.23398059,0.975,20.24,24.55,428.93,51.28,70.08,4.244434357
SKWE-24-5 ,SKWE,0.503868466,0.384111966,0.259465344,51.16122104,21.04703629,3.747692925,17.6879343,2.624533395,20.3124677,69.94468347,40.51137769,29.43330578,0.936,18.44,19.76,371.62,47.62,71.62,1.069962248
SKWF-24-2 ,SKWF,0.485126475,0.35530534,0.280915157,51.88834156,20.17317925,3.356293547,18.95341417,2.876834716,21.83024888,69.33823529,40.03277255,29.30546275,0.89,22.88,24.67,442.4,48.54,75.32,0.761783215
SKWF-24-3 ,SKWF,0.465069535,0.356646792,0.212319129,50.86112799,19.58250789,2.546254323,19.22077922,2.695100354,21.91587957,69.80292435,42.59043685,27.2124875,0.93,19.16,23.24,437.91,51.81,73.99,1.552835573
SKWF-24-4 ,SKWF,0.605432716,0.422362833,0.242074265,51.03434613,20.3099885,3.552268082,19.66255678,2.607191316,22.2697481,70.29085873,40.88166122,29.40919751,0.897,21.8,23.59,387.25,48.08,73.74,0.955698853
SKWF-24-5 ,SKWF,0.482304343,0.334279887,0.334757148,54.54189027,19.44755349,3.112122689,18.22882999,2.722101428,20.95093142,70.49056604,43.27157349,27.21899255,0.913,18.08,21.32,401.76,,74.22,1.42315515
SLMB-28-1 ,SLMB,0.486542159,0.34597184,0.322271991,53.01182375,18.83966587,2.748397694,19.66473243,2.588359416,22.25309185,67.93802145,40.08074684,27.85727462,1.059,18.08,18.56,414.73,54.95,72.46,2.8779473
SLMB-28-2 ,SLMB,0.557060673,0.330132529,0.211936027,49.01525616,19.59814563,2.805906425,17.70901909,2.84592136,20.55494045,69.13229018,39.35464656,29.77764363,0.973,17.96,19.16,391.31,49.5,75.19,1.003626162
SLMB-28-3 ,SLMB,0.597152388,0.413859609,0.473439986,55.62557625,18.88660119,2.991642034,19.46564885,2.696102244,22.1617511,66.85198054,39.36624673,27.48573381,0.938,16.53,23,361.64,56.82,74.18,3.278346935
SLMB-28-4 ,SLMB,0.563456225,0.377892914,0.499878019,49.65141364,18.093649,3.162345481,19.47069943,2.364295125,21.83499456,69.64038728,38.75270679,30.88768049,0.937,16.41,21.08,398.2,,69.16,5.627399643
SLMC-28-1 ,SLMC,0.497411029,0.359911413,0.24878136,50.02112336,18.78263352,3.379932395,20.24901704,2.377963779,22.62698082,66.9869983,38.41472293,28.57227538,0.983,18.92,19.64,346.54,48.08,69.8,3.905696443
SLMC-28-2 ,SLMC,0.470707101,0.385034693,0.131193184,51.73445089,19.07640994,3.297304657,19.78643216,2.550593878,22.33702604,68.97274633,39.31958034,29.65316599,1.011,16.77,22.04,386.98,46.3,73.01,2.399765513
SLMC-28-3 ,SLMC,0.486032604,0.377493431,0.195816823,51.75243133,19.01945856,2.823834646,20.35851472,2.646432313,23.00494704,70.56686047,40.13968746,30.42717301,0.887,17.85,19.4,362.95,43.86,72.71,4.292534452
SLMD-28-1 ,SLMD,0.463461245,,0.460206326,47.8845393,16.98311053,2.367514617,19.15393655,2.079238329,21.23317487,65.72036906,36.71699308,29.00337598,0.894,17.73,20.24,378.4,51.02,72.73,1.376474331
SLMD-28-3 ,SLMD,0.510421158,,0.637713055,48.79744996,18.11906117,2.927687111,20.26920032,2.221694378,22.4908947,65.55160142,36.11026152,29.4413399,,18.2,20.24,368.34,49.02,,
SLMD-28-5 ,SLMD,0.493189059,0.381876798,0.177041599,54.2101898,19.50917659,3.081925234,19.07552083,2.473425663,21.5489465,69.83282675,40.02577186,29.80705488,0.842,17.73,18.32,348.42,46.73,70.61,1.79195475
SQMA-25-1 ,SQMA,0.5254667,0.430770168,0.394903059,58.491926,24.21967612,3.934495698,19.82378855,2.422507008,22.24629555,68.92405063,39.19190571,29.73214492,0.917,19.52,22.28,414.73,51.02,70.98,0.512531083
SQMA-25-4,SQMA,0.468643286,0.437400251,0.367912309,53.3464521,20.16445412,3.628081543,18.90895914,2.364111026,21.27307017,68.50133605,38.84346361,29.65787244,0.991,19.10290625,19.7617375,414.74,49.02431991,71.38916569,0.397245897
SQMA-25-5 ,SQMA,0.448977787,0.367511567,0.082731961,49.48032447,18.47991036,3.323280332,20.58080808,1.848025712,22.42883379,68.13902969,39.8154563,28.32357338,1.012,14.49,20.6,369.35,50.51,62.78,3.642638409
SQMB-25-3 ,SQMB,0.387279114,0.333261884,0.233024699,51.64672184,18.07781734,2.938283604,19.58568738,2.393454317,21.9791417,73.52546917,42.1268758,31.39859337,0.972,19.88,21.8,423.05,47.39,73.57,1.370264509
SQMB-25-4 ,SQMB,0.457344068,0.388206816,0.109584467,50.39105237,18.32851929,3.3569187,19.00065746,2.32185763,21.32251509,70.24734982,40.60236917,29.64498066,0.93,15.33,18.32,394.96,53.19,70.04,1.64068977
SQMC-25-1 ,SQMC,0.537058286,0.553715181,0.310303526,54.94830687,17.80052553,2.668696615,19.0926276,2.138998682,21.23162628,67.92982456,41.0761062,26.85371836,1.006,17.01,20,469.92,52.36,69.19,2.429312976
SQMC-25-2 ,SQMC,0.505074056,0.495918874,0.245037263,47.99705426,21.13442264,3.867116653,20.31446541,2.813522013,23.12798742,70.76363636,38.61787122,32.14576515,0.745,20.72,20.6,438.55,47.17,73.65,0.552945591
SQMC-25-4 ,SQMC,0.507919949,0.400719175,0.185232999,47.29312635,18.69753794,2.633597952,20.3989704,2.682929683,23.08190008,69.97808619,40.12565017,29.85243603,0.54,19.64,20,368.74,48.31,74.58,0.642732868
SQMC-25-5 ,SQMC,0.446336154,0.383943564,0.295160928,54.15554544,20.14610027,2.600735021,18.66493843,2.61533023,21.28026866,66.80299932,39.08946527,27.71353405,0.976,17.73,20.12,411.63,50.76,71.85,2.307337773
STHA-21-3 ,STHA,0.410346275,0.321970708,0.095617332,45.81206132,16.18629794,3.058507927,19.86386139,2.244880738,22.10874212,65.77275935,38.24855103,27.52420832,1.1,20.48,21.2,397.21,51.02,70.52,1.36017743
STHA-21-4 ,STHA,0.491897037,0.397064195,0.279424151,50.77795402,19.99111398,3.579587289,17.1893848,2.689933107,19.87931791,70.95463778,39.85933144,31.09530634,1.053,20.48,22.04,412.28,49.26,74.48,1.182603842
STHA-21-5 ,STHA,0.413156154,0.286990512,0.280953279,54.07385031,17.29425809,2.86523737,18.97233202,2.587465565,21.55979758,70.21572721,40.8885668,29.32716041,0.947,18.08,19.04,390.43,46.08,73.38,3.24149995
STHB-21-2 ,STHB,0.477500888,0.361517126,0.117929851,50.01391995,20.08135297,3.114696702,15.96273292,2.666883117,18.62961604,68.10466761,38.64480991,29.4598577,0.949,18.44,18.08,394.33,47.17,70.86,1.370652156
STHB-21-3 ,STHB,0.604051481,0.39512192,0.330577563,53.86038623,19.45832709,3.133760746,19.62102689,2.605328962,22.22635586,67.69533815,39.79437882,27.90095933,0.95,16.29,19.76,382.98,48.31,71.95,2.420566342
STHB-21-4 ,STHB,0.582237576,0.404708817,0.690016994,61.66087377,18.47580942,2.471439596,17.38857502,2.050875992,19.43945101,70.81306463,40.20922143,30.6038432,1.031,12.69,20.48,406.18,50.51,67.69,2.246563164
STHB-21-5 ,STHB,0.455795653,0.405430983,0.263392186,53.64135202,18.83221709,2.727585139,18.99224806,2.807464177,21.79971224,66.46433991,40.60711885,25.85722106,0.99,17.13,20.48,360.3,53.19,71.98,4.409908571
TAKA-3-3 ,TAKA,0.369118105,0.3099355,0.180747168,44.44606588,15.76925258,2.605501825,20.4787234,1.926861702,22.40558511,67.93842035,40.60338598,27.33503437,0.922,18.44,18.56,377.81,50,68.66,1.492624634
TLKH-11-5 ,TLKH,0.470860475,0.364685739,0.293145932,46.46166657,16.85624953,2.286749104,19.01315789,2.076465311,21.08962321,66.85323383,40.12006589,26.73316794,0.856,23.24,23.48,432.35,49.5,68.66,
TNZA-4-1 ,TNZA,0.67701252,0.486226305,0.290844445,55.9961888,20.21601098,2.670394475,20.52631579,2.291058612,22.8173744,68.05157593,37.60333201,30.44824392,0.805,20.24,21.32,389.71,49.75,70.29,1.576388814
TOBA-23-2 ,TOBA,0.426490389,0.369476276,0.433056751,54.31990374,17.65112057,2.162141182,17.83887468,2.424465241,20.26333992,69.41266209,38.82725223,30.58540986,0.829,14.73,17.61,425.56,51.28,75.08,0.904502912
TOBA-23-4 ,TOBA,0.495934862,0.391733379,0.424127619,52.08616186,18.70817144,3.162406612,17.5210902,3.024423338,20.54551354,69.37799043,39.53361754,29.84437289,1,15.33,20.96,408.05,45.05,72.02,2.581917225
TOBA-23-5 ,TOBA,0.49273049,0.466039206,0.330911193,49.47111093,18.60527391,3.423208596,18.24494949,2.807679063,21.05262856,66.59159159,37.51286031,29.07873128,1.093,18.8,19.88,342.37,44.64,74.72,1.3859481
TOBB-23-2 ,TOBB,0.476993403,0.426487941,0.27563699,47.57899274,18.5965098,4.162483519,20.33898305,2.515497215,22.85448027,65.80278129,37.38796519,28.41481609,0.94,18.08,20.48,381.32,42.02,71.8,1.683093846
TOBB-23-3 ,TOBB,0.539254108,0.365776698,0.080717282,45.93537764,16.94281168,3.163318685,19.93650794,2.62989899,22.56640693,70.12578616,42.1109918,28.01479436,0.99,18.44,20,389.82,48.54,73.64,1.461928529
TOBB-23-4 ,TOBB,0.48660094,0.349307478,0.310354569,51.06103674,18.47842738,3.095061676,18.53785901,2.468282696,21.0061417,70.73825503,40.32326839,30.41498664,1.094,18.08,21.92,422.89,49.02,70.52,1.30310872
TOBB-23-5 ,TOBB,0.501383686,,0.492994145,46.99564456,17.48223567,3.686470605,20.05060089,1.998332471,22.04893336,66.69014085,36.49746094,30.19267991,0.909,20.48,20.96,396.93,49.5,70.12,0.613690432
VNDL-27-3 ,VNDL,0.562888576,0.386985972,0.315199975,51.24445777,19.46245189,3.513961569,18.52340145,2.166027447,20.6894289,73.58616101,41.43105649,32.15510452,0.986,18.2,22.76,428.46,49.75,67.47,1.153877123
VNDL-27-4 ,VNDL,0.527346803,0.402978246,0.446802878,57.13341478,17.58051008,2.870847054,19.14473684,1.967793062,21.1125299,70.66142764,38.82162726,31.83980038,0.965,15.33,19.16,429.6,50.51,65.96,1.323911268
VNDL-27-5 ,VNDL,0.557732335,0.384234897,0.338203766,48.28268317,17.43964409,3.435166627,19.7109067,2.123880062,21.83478676,68.00254453,39.04006605,28.96247848,0.913,15.69,20.6,440.47,51.28,69.41,1.45255366
WELC-27-1 ,WELC,0.504152657,0.425131287,0.507864894,53.63494895,18.04206837,3.301042113,18.30550402,2.513745994,20.81925001,71.53895686,41.47166405,30.06729281,0.777,17.85,16.77,450.67,48.31,73.07,0.956057411
WELC-27-2,WELC,0.509374834,0.380952681,0.457724621,52.6499191,20.10412176,3.051313308,19.26605505,2.358096032,21.62415108,70.68027211,42.13332209,28.54695002,0.821,18.68,22.04,430.9,47.62,70.36,0.581910066
WELC-27-3,WELC,0.512130035,0.355286914,1.043802716,54.70737492,19.79337624,3.415776073,18.22194199,2.768542932,20.99048492,72.16850829,41.2932339,30.87527439,0.867,19.04,18.2,411.71,47.85,70.2,1.051273815
WELC-27-4 ,WELC,0.495908309,0.357181206,0.481057553,48.38216661,17.23125789,2.783330632,18.15245478,2.671041813,20.82349659,69.73684211,42.51818782,27.21865428,0.87,17.25,19.52,426.38,49.5,69.88,1.556192653
WELC-27-5 ,WELC,0.513618019,0.332644308,0.208905227,50.07754324,18.21463217,3.053400649,18.41415465,2.435511736,20.84966639,69.0794097,40.15245174,28.92695795,1.168,17.96,17.96,433.47,44.64,69.93,3.377920554
WHTE-28-1,WHTE,0.549198771,0.434572605,0.389902732,50.95570266,18.30864794,3.609338943,20.02617801,2.597215612,22.62339362,67.84968685,37.61323757,30.23644928,0.747,17.25,19.52,381.93,47.17,73.11,3.08965787
WHTE-28-3,WHTE,0.556242583,0.381185796,0.374661067,46.55330106,18.21387503,2.855301954,18.76653868,2.594023445,21.36056212,67.64436603,37.13245361,30.51191242,0.83,17.964925,21.0794,386.07,48.3103062,74.22646896,1.414448903
WHTE-28-4 ,WHTE,0.558893499,0.409533517,0.141762478,45.80818257,19.24580258,2.834671161,20.03828973,2.835470209,22.87375994,70.24291498,38.60274038,31.6401746,0.903,22.64,24.91,415.88,46.08,72.3,2.298843646
WHTE-28-5 ,WHTE,0.482605055,0.408001573,0.338626373,56.77740574,19.52247102,3.532431082,19.25614877,2.27905328,21.53520205,70.18469657,41.03030855,29.15438802,0.974,18.44,21.32,395.63,48.08,69.64,3.26135969
WLOW-15-4 ,WLOW,0.5716685,0.301914185,,49.96910766,17.91826297,3.302047093,17.66381766,2.796814297,20.46063196,69.35371786,40.70509823,28.64861963,,17.13,18.44,482.29,,69.27,
WLOW-15-5 ,WLOW,0.63815034,0.441005303,0.502213319,52.55823207,18.74260196,2.766442551,17.81170483,2.398826047,20.21053088,70.10723861,41.43795332,28.66928529,0.82,16.53,19.28,441.12,59.17,70.35,0.498464938
YALD-27-2 ,YALD,0.485521894,0.408622631,0.588724835,51.72685568,18.14871802,3.211051098,18.61074705,2.902746336,21.51349339,67.94612795,40.27703385,27.66909409,0.831,18.8,18.92,392.24,45.25,74.91,0.933656082
YALD-27-3 ,YALD,0.550328071,0.404293515,0.472022068,48.64973986,18.91908181,3.525774975,20.64724919,2.998999706,23.6462489,73.61791463,41.22842902,32.3894856,0.888,17.96,18.2,377.46,44.25,72.61,1.220271343
YALD-27-4 ,YALD,0.507881533,0.432640256,0.258959623,46.28460824,17.78763849,3.749085922,20.16861219,2.541091852,22.70970404,66.29526462,37.56894937,28.72631526,0.866,18.08,19.88,358.41,43.86,68.35,1.50674881
YALD-27-5 ,YALD,0.631629177,,1.011558777,54.28091603,15.55911479,2.832290921,16.59046375,1.936583338,18.52704709,71.3437268,45.13556962,26.20815718,0.994,16.29,18.68,,52.08,68.14,2.9993013
YALE-27-2,YALE,0.517453325,0.366354225,0.337492879,53.17015672,17.55719941,2.809826669,19.97421352,2.530793024,22.50500655,69.15518761,40.42377132,28.73141629,1.0625,17.06651875,18.98311875,449.3,50.64881777,69.74942542,
YALE-27-3 ,YALE,0.600544779,,0.521607486,52.33776187,17.20428409,3.05720751,19.57605985,1.771537066,21.34759692,66.8190725,36.13506404,30.68400846,0.927,19.88,20.12,452.08,45.66,67.42,2.331989241
YALE-27-4 ,YALE,0.537607836,0.391636787,0.051783892,48.45084878,18.96026594,2.822187671,19.03204709,2.384921815,21.4169689,68.15847395,38.89444877,29.26402519,0.916,19.52,20.24,420.73,50,67.87,1.339681346